IMAGE,MEDICINE_NAME
0.png,dummy_label
1.png,dummy_label
10.png,dummy_label
100.png,dummy_label
1000.png,dummy_label
1001.png,dummy_label
1002.png,dummy_label
1003.png,dummy_label
1004.png,dummy_label
1005.png,dummy_label
1006.png,dummy_label
1007.png,dummy_label
1008.png,dummy_label
1009.png,dummy_label
101.png,dummy_label
1010.png,dummy_label
1011.png,dummy_label
1012.png,dummy_label
1013.png,dummy_label
1014.png,dummy_label
1015.png,dummy_label
1016.png,dummy_label
1017.png,dummy_label
1018.png,dummy_label
1019.png,dummy_label
102.png,dummy_label
1020.png,dummy_label
1021.png,dummy_label
1022.png,dummy_label
1023.png,dummy_label
1024.png,dummy_label
1025.png,dummy_label
1026.png,dummy_label
1027.png,dummy_label
1028.png,dummy_label
1029.png,dummy_label
103.png,dummy_label
1030.png,dummy_label
1031.png,dummy_label
1032.png,dummy_label
1033.png,dummy_label
1034.png,dummy_label
1035.png,dummy_label
1036.png,dummy_label
1037.png,dummy_label
1038.png,dummy_label
1039.png,dummy_label
104.png,dummy_label
1040.png,dummy_label
1041.png,dummy_label
1042.png,dummy_label
1043.png,dummy_label
1044.png,dummy_label
1045.png,dummy_label
1046.png,dummy_label
1047.png,dummy_label
1048.png,dummy_label
1049.png,dummy_label
105.png,dummy_label
1050.png,dummy_label
1051.png,dummy_label
1052.png,dummy_label
1053.png,dummy_label
1054.png,dummy_label
1055.png,dummy_label
1056.png,dummy_label
1057.png,dummy_label
1058.png,dummy_label
1059.png,dummy_label
106.png,dummy_label
1060.png,dummy_label
1061.png,dummy_label
1062.png,dummy_label
1063.png,dummy_label
1064.png,dummy_label
1065.png,dummy_label
1066.png,dummy_label
1067.png,dummy_label
1068.png,dummy_label
1069.png,dummy_label
107.png,dummy_label
1070.png,dummy_label
1071.png,dummy_label
1072.png,dummy_label
1073.png,dummy_label
1074.png,dummy_label
1075.png,dummy_label
1076.png,dummy_label
1077.png,dummy_label
1078.png,dummy_label
1079.png,dummy_label
108.png,dummy_label
1080.png,dummy_label
1081.png,dummy_label
1082.png,dummy_label
1083.png,dummy_label
1084.png,dummy_label
1085.png,dummy_label
1086.png,dummy_label
1087.png,dummy_label
1088.png,dummy_label
1089.png,dummy_label
109.png,dummy_label
1090.png,dummy_label
1091.png,dummy_label
1092.png,dummy_label
1093.png,dummy_label
1094.png,dummy_label
1095.png,dummy_label
1096.png,dummy_label
1097.png,dummy_label
1098.png,dummy_label
1099.png,dummy_label
11.png,dummy_label
110.png,dummy_label
1100.png,dummy_label
1101.png,dummy_label
1102.png,dummy_label
1103.png,dummy_label
1104.png,dummy_label
1105.png,dummy_label
1106.png,dummy_label
1107.png,dummy_label
1108.png,dummy_label
1109.png,dummy_label
111.png,dummy_label
1110.png,dummy_label
1111.png,dummy_label
1112.png,dummy_label
1113.png,dummy_label
1114.png,dummy_label
1115.png,dummy_label
1116.png,dummy_label
1117.png,dummy_label
1118.png,dummy_label
1119.png,dummy_label
112.png,dummy_label
1120.png,dummy_label
1121.png,dummy_label
1122.png,dummy_label
1123.png,dummy_label
1124.png,dummy_label
1125.png,dummy_label
1126.png,dummy_label
1127.png,dummy_label
1128.png,dummy_label
1129.png,dummy_label
113.png,dummy_label
1130.png,dummy_label
1131.png,dummy_label
1132.png,dummy_label
1133.png,dummy_label
1134.png,dummy_label
1135.png,dummy_label
1136.png,dummy_label
1137.png,dummy_label
1138.png,dummy_label
1139.png,dummy_label
114.png,dummy_label
1140.png,dummy_label
1141.png,dummy_label
1142.png,dummy_label
1143.png,dummy_label
1144.png,dummy_label
1145.png,dummy_label
1146.png,dummy_label
1147.png,dummy_label
1148.png,dummy_label
1149.png,dummy_label
115.png,dummy_label
1150.png,dummy_label
1151.png,dummy_label
1152.png,dummy_label
1153.png,dummy_label
1154.png,dummy_label
1155.png,dummy_label
1156.png,dummy_label
1157.png,dummy_label
1158.png,dummy_label
1159.png,dummy_label
116.png,dummy_label
1160.png,dummy_label
1161.png,dummy_label
1162.png,dummy_label
1163.png,dummy_label
1164.png,dummy_label
1165.png,dummy_label
1166.png,dummy_label
1167.png,dummy_label
1168.png,dummy_label
1169.png,dummy_label
117.png,dummy_label
1170.png,dummy_label
1171.png,dummy_label
1172.png,dummy_label
1173.png,dummy_label
1174.png,dummy_label
1175.png,dummy_label
1176.png,dummy_label
1177.png,dummy_label
1178.png,dummy_label
1179.png,dummy_label
118.png,dummy_label
1180.png,dummy_label
1181.png,dummy_label
1182.png,dummy_label
1183.png,dummy_label
1184.png,dummy_label
1185.png,dummy_label
1186.png,dummy_label
1187.png,dummy_label
1188.png,dummy_label
1189.png,dummy_label
119.png,dummy_label
1190.png,dummy_label
1191.png,dummy_label
1192.png,dummy_label
1193.png,dummy_label
1194.png,dummy_label
1195.png,dummy_label
1196.png,dummy_label
1197.png,dummy_label
1198.png,dummy_label
1199.png,dummy_label
12.png,dummy_label
120.png,dummy_label
1200.png,dummy_label
1201.png,dummy_label
1202.png,dummy_label
1203.png,dummy_label
1204.png,dummy_label
1205.png,dummy_label
1206.png,dummy_label
1207.png,dummy_label
1208.png,dummy_label
1209.png,dummy_label
121.png,dummy_label
1210.png,dummy_label
1211.png,dummy_label
1212.png,dummy_label
1213.png,dummy_label
1214.png,dummy_label
1215.png,dummy_label
1216.png,dummy_label
1217.png,dummy_label
1218.png,dummy_label
1219.png,dummy_label
122.png,dummy_label
1220.png,dummy_label
1221.png,dummy_label
1222.png,dummy_label
1223.png,dummy_label
1224.png,dummy_label
1225.png,dummy_label
1226.png,dummy_label
1227.png,dummy_label
1228.png,dummy_label
1229.png,dummy_label
123.png,dummy_label
1230.png,dummy_label
1231.png,dummy_label
1232.png,dummy_label
1233.png,dummy_label
1234.png,dummy_label
1235.png,dummy_label
1236.png,dummy_label
1237.png,dummy_label
1238.png,dummy_label
1239.png,dummy_label
124.png,dummy_label
1240.png,dummy_label
1241.png,dummy_label
1242.png,dummy_label
1243.png,dummy_label
1244.png,dummy_label
1245.png,dummy_label
1246.png,dummy_label
1247.png,dummy_label
1248.png,dummy_label
1249.png,dummy_label
125.png,dummy_label
1250.png,dummy_label
1251.png,dummy_label
1252.png,dummy_label
1253.png,dummy_label
1254.png,dummy_label
1255.png,dummy_label
1256.png,dummy_label
1257.png,dummy_label
1258.png,dummy_label
1259.png,dummy_label
126.png,dummy_label
1260.png,dummy_label
1261.png,dummy_label
1262.png,dummy_label
1263.png,dummy_label
1264.png,dummy_label
1265.png,dummy_label
1266.png,dummy_label
1267.png,dummy_label
1268.png,dummy_label
1269.png,dummy_label
127.png,dummy_label
1270.png,dummy_label
1271.png,dummy_label
1272.png,dummy_label
1273.png,dummy_label
1274.png,dummy_label
1275.png,dummy_label
1276.png,dummy_label
1277.png,dummy_label
1278.png,dummy_label
1279.png,dummy_label
128.png,dummy_label
1280.png,dummy_label
1281.png,dummy_label
1282.png,dummy_label
1283.png,dummy_label
1284.png,dummy_label
1285.png,dummy_label
1286.png,dummy_label
1287.png,dummy_label
1288.png,dummy_label
1289.png,dummy_label
129.png,dummy_label
1290.png,dummy_label
1291.png,dummy_label
1292.png,dummy_label
1293.png,dummy_label
1294.png,dummy_label
1295.png,dummy_label
1296.png,dummy_label
1297.png,dummy_label
1298.png,dummy_label
1299.png,dummy_label
13.png,dummy_label
130.png,dummy_label
1300.png,dummy_label
1301.png,dummy_label
1302.png,dummy_label
1303.png,dummy_label
1304.png,dummy_label
1305.png,dummy_label
1306.png,dummy_label
1307.png,dummy_label
1308.png,dummy_label
1309.png,dummy_label
131.png,dummy_label
1310.png,dummy_label
1311.png,dummy_label
1312.png,dummy_label
1313.png,dummy_label
1314.png,dummy_label
1315.png,dummy_label
1316.png,dummy_label
1317.png,dummy_label
1318.png,dummy_label
1319.png,dummy_label
132.png,dummy_label
1320.png,dummy_label
1321.png,dummy_label
1322.png,dummy_label
1323.png,dummy_label
1324.png,dummy_label
1325.png,dummy_label
1326.png,dummy_label
1327.png,dummy_label
1328.png,dummy_label
1329.png,dummy_label
133.png,dummy_label
1330.png,dummy_label
1331.png,dummy_label
1332.png,dummy_label
1333.png,dummy_label
1334.png,dummy_label
1335.png,dummy_label
1336.png,dummy_label
1337.png,dummy_label
1338.png,dummy_label
1339.png,dummy_label
134.png,dummy_label
1340.png,dummy_label
1341.png,dummy_label
1342.png,dummy_label
1343.png,dummy_label
1344.png,dummy_label
1345.png,dummy_label
1346.png,dummy_label
1347.png,dummy_label
1348.png,dummy_label
1349.png,dummy_label
135.png,dummy_label
1350.png,dummy_label
1351.png,dummy_label
1352.png,dummy_label
1353.png,dummy_label
1354.png,dummy_label
1355.png,dummy_label
1356.png,dummy_label
1357.png,dummy_label
1358.png,dummy_label
1359.png,dummy_label
136.png,dummy_label
1360.png,dummy_label
1361.png,dummy_label
1362.png,dummy_label
1363.png,dummy_label
1364.png,dummy_label
1365.png,dummy_label
1366.png,dummy_label
1367.png,dummy_label
1368.png,dummy_label
1369.png,dummy_label
137.png,dummy_label
1370.png,dummy_label
1371.png,dummy_label
1372.png,dummy_label
1373.png,dummy_label
1374.png,dummy_label
1375.png,dummy_label
1376.png,dummy_label
1377.png,dummy_label
1378.png,dummy_label
1379.png,dummy_label
138.png,dummy_label
1380.png,dummy_label
1381.png,dummy_label
1382.png,dummy_label
1383.png,dummy_label
1384.png,dummy_label
1385.png,dummy_label
1386.png,dummy_label
1387.png,dummy_label
1388.png,dummy_label
1389.png,dummy_label
139.png,dummy_label
1390.png,dummy_label
1391.png,dummy_label
1392.png,dummy_label
1393.png,dummy_label
1394.png,dummy_label
1395.png,dummy_label
1396.png,dummy_label
1397.png,dummy_label
1398.png,dummy_label
1399.png,dummy_label
14.png,dummy_label
140.png,dummy_label
1400.png,dummy_label
1401.png,dummy_label
1402.png,dummy_label
1403.png,dummy_label
1404.png,dummy_label
1405.png,dummy_label
1406.png,dummy_label
1407.png,dummy_label
1408.png,dummy_label
1409.png,dummy_label
141.png,dummy_label
1410.png,dummy_label
1411.png,dummy_label
1412.png,dummy_label
1413.png,dummy_label
1414.png,dummy_label
1415.png,dummy_label
1416.png,dummy_label
1417.png,dummy_label
1418.png,dummy_label
1419.png,dummy_label
142.png,dummy_label
1420.png,dummy_label
1421.png,dummy_label
1422.png,dummy_label
1423.png,dummy_label
1424.png,dummy_label
1425.png,dummy_label
1426.png,dummy_label
1427.png,dummy_label
1428.png,dummy_label
1429.png,dummy_label
143.png,dummy_label
1430.png,dummy_label
1431.png,dummy_label
1432.png,dummy_label
1433.png,dummy_label
1434.png,dummy_label
1435.png,dummy_label
1436.png,dummy_label
1437.png,dummy_label
1438.png,dummy_label
1439.png,dummy_label
144.png,dummy_label
1440.png,dummy_label
1441.png,dummy_label
1442.png,dummy_label
1443.png,dummy_label
1444.png,dummy_label
1445.png,dummy_label
1446.png,dummy_label
1447.png,dummy_label
1448.png,dummy_label
1449.png,dummy_label
145.png,dummy_label
1450.png,dummy_label
1451.png,dummy_label
1452.png,dummy_label
1453.png,dummy_label
1454.png,dummy_label
1455.png,dummy_label
1456.png,dummy_label
1457.png,dummy_label
1458.png,dummy_label
1459.png,dummy_label
146.png,dummy_label
1460.png,dummy_label
1461.png,dummy_label
1462.png,dummy_label
1463.png,dummy_label
1464.png,dummy_label
1465.png,dummy_label
1466.png,dummy_label
1467.png,dummy_label
1468.png,dummy_label
1469.png,dummy_label
147.png,dummy_label
1470.png,dummy_label
1471.png,dummy_label
1472.png,dummy_label
1473.png,dummy_label
1474.png,dummy_label
1475.png,dummy_label
1476.png,dummy_label
1477.png,dummy_label
1478.png,dummy_label
1479.png,dummy_label
148.png,dummy_label
1480.png,dummy_label
1481.png,dummy_label
1482.png,dummy_label
1483.png,dummy_label
1484.png,dummy_label
1485.png,dummy_label
1486.png,dummy_label
1487.png,dummy_label
1488.png,dummy_label
1489.png,dummy_label
149.png,dummy_label
1490.png,dummy_label
1491.png,dummy_label
1492.png,dummy_label
1493.png,dummy_label
1494.png,dummy_label
1495.png,dummy_label
1496.png,dummy_label
1497.png,dummy_label
1498.png,dummy_label
1499.png,dummy_label
15.png,dummy_label
150.png,dummy_label
1500.png,dummy_label
1501.png,dummy_label
1502.png,dummy_label
1503.png,dummy_label
1504.png,dummy_label
1505.png,dummy_label
1506.png,dummy_label
1507.png,dummy_label
1508.png,dummy_label
1509.png,dummy_label
151.png,dummy_label
1510.png,dummy_label
1511.png,dummy_label
1512.png,dummy_label
1513.png,dummy_label
1514.png,dummy_label
1515.png,dummy_label
1516.png,dummy_label
1517.png,dummy_label
1518.png,dummy_label
1519.png,dummy_label
152.png,dummy_label
1520.png,dummy_label
1521.png,dummy_label
1522.png,dummy_label
1523.png,dummy_label
1524.png,dummy_label
1525.png,dummy_label
1526.png,dummy_label
1527.png,dummy_label
1528.png,dummy_label
1529.png,dummy_label
153.png,dummy_label
1530.png,dummy_label
1531.png,dummy_label
1532.png,dummy_label
1533.png,dummy_label
1534.png,dummy_label
1535.png,dummy_label
1536.png,dummy_label
1537.png,dummy_label
1538.png,dummy_label
1539.png,dummy_label
154.png,dummy_label
1540.png,dummy_label
1541.png,dummy_label
1542.png,dummy_label
1543.png,dummy_label
1544.png,dummy_label
1545.png,dummy_label
1546.png,dummy_label
1547.png,dummy_label
1548.png,dummy_label
1549.png,dummy_label
155.png,dummy_label
1550.png,dummy_label
1551.png,dummy_label
1552.png,dummy_label
1553.png,dummy_label
1554.png,dummy_label
1555.png,dummy_label
1556.png,dummy_label
1557.png,dummy_label
1558.png,dummy_label
1559.png,dummy_label
156.png,dummy_label
1560.png,dummy_label
1561.png,dummy_label
1562.png,dummy_label
1563.png,dummy_label
1564.png,dummy_label
1565.png,dummy_label
1566.png,dummy_label
1567.png,dummy_label
1568.png,dummy_label
1569.png,dummy_label
157.png,dummy_label
1570.png,dummy_label
1571.png,dummy_label
1572.png,dummy_label
1573.png,dummy_label
1574.png,dummy_label
1575.png,dummy_label
1576.png,dummy_label
1577.png,dummy_label
1578.png,dummy_label
1579.png,dummy_label
158.png,dummy_label
1580.png,dummy_label
1581.png,dummy_label
1582.png,dummy_label
1583.png,dummy_label
1584.png,dummy_label
1585.png,dummy_label
1586.png,dummy_label
1587.png,dummy_label
1588.png,dummy_label
1589.png,dummy_label
159.png,dummy_label
1590.png,dummy_label
1591.png,dummy_label
1592.png,dummy_label
1593.png,dummy_label
1594.png,dummy_label
1595.png,dummy_label
1596.png,dummy_label
1597.png,dummy_label
1598.png,dummy_label
1599.png,dummy_label
16.png,dummy_label
160.png,dummy_label
1600.png,dummy_label
1601.png,dummy_label
1602.png,dummy_label
1603.png,dummy_label
1604.png,dummy_label
1605.png,dummy_label
1606.png,dummy_label
1607.png,dummy_label
1608.png,dummy_label
1609.png,dummy_label
161.png,dummy_label
1610.png,dummy_label
1611.png,dummy_label
1612.png,dummy_label
1613.png,dummy_label
1614.png,dummy_label
1615.png,dummy_label
1616.png,dummy_label
1617.png,dummy_label
1618.png,dummy_label
1619.png,dummy_label
162.png,dummy_label
1620.png,dummy_label
1621.png,dummy_label
1622.png,dummy_label
1623.png,dummy_label
1624.png,dummy_label
1625.png,dummy_label
1626.png,dummy_label
1627.png,dummy_label
1628.png,dummy_label
1629.png,dummy_label
163.png,dummy_label
1630.png,dummy_label
1631.png,dummy_label
1632.png,dummy_label
1633.png,dummy_label
1634.png,dummy_label
1635.png,dummy_label
1636.png,dummy_label
1637.png,dummy_label
1638.png,dummy_label
1639.png,dummy_label
164.png,dummy_label
1640.png,dummy_label
1641.png,dummy_label
1642.png,dummy_label
1643.png,dummy_label
1644.png,dummy_label
1645.png,dummy_label
1646.png,dummy_label
1647.png,dummy_label
1648.png,dummy_label
1649.png,dummy_label
165.png,dummy_label
1650.png,dummy_label
1651.png,dummy_label
1652.png,dummy_label
1653.png,dummy_label
1654.png,dummy_label
1655.png,dummy_label
1656.png,dummy_label
1657.png,dummy_label
1658.png,dummy_label
1659.png,dummy_label
166.png,dummy_label
1660.png,dummy_label
1661.png,dummy_label
1662.png,dummy_label
1663.png,dummy_label
1664.png,dummy_label
1665.png,dummy_label
1666.png,dummy_label
1667.png,dummy_label
1668.png,dummy_label
1669.png,dummy_label
167.png,dummy_label
1670.png,dummy_label
1671.png,dummy_label
1672.png,dummy_label
1673.png,dummy_label
1674.png,dummy_label
1675.png,dummy_label
1676.png,dummy_label
1677.png,dummy_label
1678.png,dummy_label
1679.png,dummy_label
168.png,dummy_label
1680.png,dummy_label
1681.png,dummy_label
1682.png,dummy_label
1683.png,dummy_label
1684.png,dummy_label
1685.png,dummy_label
1686.png,dummy_label
1687.png,dummy_label
1688.png,dummy_label
1689.png,dummy_label
169.png,dummy_label
1690.png,dummy_label
1691.png,dummy_label
1692.png,dummy_label
1693.png,dummy_label
1694.png,dummy_label
1695.png,dummy_label
1696.png,dummy_label
1697.png,dummy_label
1698.png,dummy_label
1699.png,dummy_label
17.png,dummy_label
170.png,dummy_label
1700.png,dummy_label
1701.png,dummy_label
1702.png,dummy_label
1703.png,dummy_label
1704.png,dummy_label
1705.png,dummy_label
1706.png,dummy_label
1707.png,dummy_label
1708.png,dummy_label
1709.png,dummy_label
171.png,dummy_label
1710.png,dummy_label
1711.png,dummy_label
1712.png,dummy_label
1713.png,dummy_label
1714.png,dummy_label
1715.png,dummy_label
1716.png,dummy_label
1717.png,dummy_label
1718.png,dummy_label
1719.png,dummy_label
172.png,dummy_label
1720.png,dummy_label
1721.png,dummy_label
1722.png,dummy_label
1723.png,dummy_label
1724.png,dummy_label
1725.png,dummy_label
1726.png,dummy_label
1727.png,dummy_label
1728.png,dummy_label
1729.png,dummy_label
173.png,dummy_label
1730.png,dummy_label
1731.png,dummy_label
1732.png,dummy_label
1733.png,dummy_label
1734.png,dummy_label
1735.png,dummy_label
1736.png,dummy_label
1737.png,dummy_label
1738.png,dummy_label
1739.png,dummy_label
174.png,dummy_label
1740.png,dummy_label
1741.png,dummy_label
1742.png,dummy_label
1743.png,dummy_label
1744.png,dummy_label
1745.png,dummy_label
1746.png,dummy_label
1747.png,dummy_label
1748.png,dummy_label
1749.png,dummy_label
175.png,dummy_label
1750.png,dummy_label
1751.png,dummy_label
1752.png,dummy_label
1753.png,dummy_label
1754.png,dummy_label
1755.png,dummy_label
1756.png,dummy_label
1757.png,dummy_label
1758.png,dummy_label
1759.png,dummy_label
176.png,dummy_label
1760.png,dummy_label
1761.png,dummy_label
1762.png,dummy_label
1763.png,dummy_label
1764.png,dummy_label
1765.png,dummy_label
1766.png,dummy_label
1767.png,dummy_label
1768.png,dummy_label
1769.png,dummy_label
177.png,dummy_label
1770.png,dummy_label
1771.png,dummy_label
1772.png,dummy_label
1773.png,dummy_label
1774.png,dummy_label
1775.png,dummy_label
1776.png,dummy_label
1777.png,dummy_label
1778.png,dummy_label
1779.png,dummy_label
178.png,dummy_label
1780.png,dummy_label
1781.png,dummy_label
1782.png,dummy_label
1783.png,dummy_label
1784.png,dummy_label
1785.png,dummy_label
1786.png,dummy_label
1787.png,dummy_label
1788.png,dummy_label
1789.png,dummy_label
179.png,dummy_label
1790.png,dummy_label
1791.png,dummy_label
1792.png,dummy_label
1793.png,dummy_label
1794.png,dummy_label
1795.png,dummy_label
1796.png,dummy_label
1797.png,dummy_label
1798.png,dummy_label
1799.png,dummy_label
18.png,dummy_label
180.png,dummy_label
1800.png,dummy_label
1801.png,dummy_label
1802.png,dummy_label
1803.png,dummy_label
1804.png,dummy_label
1805.png,dummy_label
1806.png,dummy_label
1807.png,dummy_label
1808.png,dummy_label
1809.png,dummy_label
181.png,dummy_label
1810.png,dummy_label
1811.png,dummy_label
1812.png,dummy_label
1813.png,dummy_label
1814.png,dummy_label
1815.png,dummy_label
1816.png,dummy_label
1817.png,dummy_label
1818.png,dummy_label
1819.png,dummy_label
182.png,dummy_label
1820.png,dummy_label
1821.png,dummy_label
1822.png,dummy_label
1823.png,dummy_label
1824.png,dummy_label
1825.png,dummy_label
1826.png,dummy_label
1827.png,dummy_label
1828.png,dummy_label
1829.png,dummy_label
183.png,dummy_label
1830.png,dummy_label
1831.png,dummy_label
1832.png,dummy_label
1833.png,dummy_label
1834.png,dummy_label
1835.png,dummy_label
1836.png,dummy_label
1837.png,dummy_label
1838.png,dummy_label
1839.png,dummy_label
184.png,dummy_label
1840.png,dummy_label
1841.png,dummy_label
1842.png,dummy_label
1843.png,dummy_label
1844.png,dummy_label
1845.png,dummy_label
1846.png,dummy_label
1847.png,dummy_label
1848.png,dummy_label
1849.png,dummy_label
185.png,dummy_label
1850.png,dummy_label
1851.png,dummy_label
1852.png,dummy_label
1853.png,dummy_label
1854.png,dummy_label
1855.png,dummy_label
1856.png,dummy_label
1857.png,dummy_label
1858.png,dummy_label
1859.png,dummy_label
186.png,dummy_label
1860.png,dummy_label
1861.png,dummy_label
1862.png,dummy_label
1863.png,dummy_label
1864.png,dummy_label
1865.png,dummy_label
1866.png,dummy_label
1867.png,dummy_label
1868.png,dummy_label
1869.png,dummy_label
187.png,dummy_label
1870.png,dummy_label
1871.png,dummy_label
1872.png,dummy_label
1873.png,dummy_label
1874.png,dummy_label
1875.png,dummy_label
1876.png,dummy_label
1877.png,dummy_label
1878.png,dummy_label
1879.png,dummy_label
188.png,dummy_label
1880.png,dummy_label
1881.png,dummy_label
1882.png,dummy_label
1883.png,dummy_label
1884.png,dummy_label
1885.png,dummy_label
1886.png,dummy_label
1887.png,dummy_label
1888.png,dummy_label
1889.png,dummy_label
189.png,dummy_label
1890.png,dummy_label
1891.png,dummy_label
1892.png,dummy_label
1893.png,dummy_label
1894.png,dummy_label
1895.png,dummy_label
1896.png,dummy_label
1897.png,dummy_label
1898.png,dummy_label
1899.png,dummy_label
19.png,dummy_label
190.png,dummy_label
1900.png,dummy_label
1901.png,dummy_label
1902.png,dummy_label
1903.png,dummy_label
1904.png,dummy_label
1905.png,dummy_label
1906.png,dummy_label
1907.png,dummy_label
1908.png,dummy_label
1909.png,dummy_label
191.png,dummy_label
1910.png,dummy_label
1911.png,dummy_label
1912.png,dummy_label
1913.png,dummy_label
1914.png,dummy_label
1915.png,dummy_label
1916.png,dummy_label
1917.png,dummy_label
1918.png,dummy_label
1919.png,dummy_label
192.png,dummy_label
1920.png,dummy_label
1921.png,dummy_label
1922.png,dummy_label
1923.png,dummy_label
1924.png,dummy_label
1925.png,dummy_label
1926.png,dummy_label
1927.png,dummy_label
1928.png,dummy_label
1929.png,dummy_label
193.png,dummy_label
1930.png,dummy_label
1931.png,dummy_label
1932.png,dummy_label
1933.png,dummy_label
1934.png,dummy_label
1935.png,dummy_label
1936.png,dummy_label
1937.png,dummy_label
1938.png,dummy_label
1939.png,dummy_label
194.png,dummy_label
1940.png,dummy_label
1941.png,dummy_label
1942.png,dummy_label
1943.png,dummy_label
1944.png,dummy_label
1945.png,dummy_label
1946.png,dummy_label
1947.png,dummy_label
1948.png,dummy_label
1949.png,dummy_label
195.png,dummy_label
1950.png,dummy_label
1951.png,dummy_label
1952.png,dummy_label
1953.png,dummy_label
1954.png,dummy_label
1955.png,dummy_label
1956.png,dummy_label
1957.png,dummy_label
1958.png,dummy_label
1959.png,dummy_label
196.png,dummy_label
1960.png,dummy_label
1961.png,dummy_label
1962.png,dummy_label
1963.png,dummy_label
1964.png,dummy_label
1965.png,dummy_label
1966.png,dummy_label
1967.png,dummy_label
1968.png,dummy_label
1969.png,dummy_label
197.png,dummy_label
1970.png,dummy_label
1971.png,dummy_label
1972.png,dummy_label
1973.png,dummy_label
1974.png,dummy_label
1975.png,dummy_label
1976.png,dummy_label
1977.png,dummy_label
1978.png,dummy_label
1979.png,dummy_label
198.png,dummy_label
1980.png,dummy_label
1981.png,dummy_label
1982.png,dummy_label
1983.png,dummy_label
1984.png,dummy_label
1985.png,dummy_label
1986.png,dummy_label
1987.png,dummy_label
1988.png,dummy_label
1989.png,dummy_label
199.png,dummy_label
1990.png,dummy_label
1991.png,dummy_label
1992.png,dummy_label
1993.png,dummy_label
1994.png,dummy_label
1995.png,dummy_label
1996.png,dummy_label
1997.png,dummy_label
1998.png,dummy_label
1999.png,dummy_label
2.png,dummy_label
20.png,dummy_label
200.png,dummy_label
2000.png,dummy_label
2001.png,dummy_label
2002.png,dummy_label
2003.png,dummy_label
2004.png,dummy_label
2005.png,dummy_label
2006.png,dummy_label
2007.png,dummy_label
2008.png,dummy_label
2009.png,dummy_label
201.png,dummy_label
2010.png,dummy_label
2011.png,dummy_label
2012.png,dummy_label
2013.png,dummy_label
2014.png,dummy_label
2015.png,dummy_label
2016.png,dummy_label
2017.png,dummy_label
2018.png,dummy_label
2019.png,dummy_label
202.png,dummy_label
2020.png,dummy_label
2021.png,dummy_label
2022.png,dummy_label
2023.png,dummy_label
2024.png,dummy_label
2025.png,dummy_label
2026.png,dummy_label
2027.png,dummy_label
2028.png,dummy_label
2029.png,dummy_label
203.png,dummy_label
2030.png,dummy_label
2031.png,dummy_label
2032.png,dummy_label
2033.png,dummy_label
2034.png,dummy_label
2035.png,dummy_label
2036.png,dummy_label
2037.png,dummy_label
2038.png,dummy_label
2039.png,dummy_label
204.png,dummy_label
2040.png,dummy_label
2041.png,dummy_label
2042.png,dummy_label
2043.png,dummy_label
2044.png,dummy_label
2045.png,dummy_label
2046.png,dummy_label
2047.png,dummy_label
2048.png,dummy_label
2049.png,dummy_label
205.png,dummy_label
2050.png,dummy_label
2051.png,dummy_label
2052.png,dummy_label
2053.png,dummy_label
2054.png,dummy_label
2055.png,dummy_label
2056.png,dummy_label
2057.png,dummy_label
2058.png,dummy_label
2059.png,dummy_label
206.png,dummy_label
2060.png,dummy_label
2061.png,dummy_label
2062.png,dummy_label
2063.png,dummy_label
2064.png,dummy_label
2065.png,dummy_label
2066.png,dummy_label
2067.png,dummy_label
2068.png,dummy_label
2069.png,dummy_label
207.png,dummy_label
2070.png,dummy_label
2071.png,dummy_label
2072.png,dummy_label
2073.png,dummy_label
2074.png,dummy_label
2075.png,dummy_label
2076.png,dummy_label
2077.png,dummy_label
2078.png,dummy_label
2079.png,dummy_label
208.png,dummy_label
2080.png,dummy_label
2081.png,dummy_label
2082.png,dummy_label
2083.png,dummy_label
2084.png,dummy_label
2085.png,dummy_label
2086.png,dummy_label
2087.png,dummy_label
2088.png,dummy_label
2089.png,dummy_label
209.png,dummy_label
2090.png,dummy_label
2091.png,dummy_label
2092.png,dummy_label
2093.png,dummy_label
2094.png,dummy_label
2095.png,dummy_label
2096.png,dummy_label
2097.png,dummy_label
2098.png,dummy_label
2099.png,dummy_label
21.png,dummy_label
210.png,dummy_label
2100.png,dummy_label
2101.png,dummy_label
2102.png,dummy_label
2103.png,dummy_label
2104.png,dummy_label
2105.png,dummy_label
2106.png,dummy_label
2107.png,dummy_label
2108.png,dummy_label
2109.png,dummy_label
211.png,dummy_label
2110.png,dummy_label
2111.png,dummy_label
2112.png,dummy_label
2113.png,dummy_label
2114.png,dummy_label
2115.png,dummy_label
2116.png,dummy_label
2117.png,dummy_label
2118.png,dummy_label
2119.png,dummy_label
212.png,dummy_label
2120.png,dummy_label
2121.png,dummy_label
2122.png,dummy_label
2123.png,dummy_label
2124.png,dummy_label
2125.png,dummy_label
2126.png,dummy_label
2127.png,dummy_label
2128.png,dummy_label
2129.png,dummy_label
213.png,dummy_label
2130.png,dummy_label
2131.png,dummy_label
2132.png,dummy_label
2133.png,dummy_label
2134.png,dummy_label
2135.png,dummy_label
2136.png,dummy_label
2137.png,dummy_label
2138.png,dummy_label
2139.png,dummy_label
214.png,dummy_label
2140.png,dummy_label
2141.png,dummy_label
2142.png,dummy_label
2143.png,dummy_label
2144.png,dummy_label
2145.png,dummy_label
2146.png,dummy_label
2147.png,dummy_label
2148.png,dummy_label
2149.png,dummy_label
215.png,dummy_label
2150.png,dummy_label
2151.png,dummy_label
2152.png,dummy_label
2153.png,dummy_label
2154.png,dummy_label
2155.png,dummy_label
2156.png,dummy_label
2157.png,dummy_label
2158.png,dummy_label
2159.png,dummy_label
216.png,dummy_label
2160.png,dummy_label
2161.png,dummy_label
2162.png,dummy_label
2163.png,dummy_label
2164.png,dummy_label
2165.png,dummy_label
2166.png,dummy_label
2167.png,dummy_label
2168.png,dummy_label
2169.png,dummy_label
217.png,dummy_label
2170.png,dummy_label
2171.png,dummy_label
2172.png,dummy_label
2173.png,dummy_label
2174.png,dummy_label
2175.png,dummy_label
2176.png,dummy_label
2177.png,dummy_label
2178.png,dummy_label
2179.png,dummy_label
218.png,dummy_label
2180.png,dummy_label
2181.png,dummy_label
2182.png,dummy_label
2183.png,dummy_label
2184.png,dummy_label
2185.png,dummy_label
2186.png,dummy_label
2187.png,dummy_label
2188.png,dummy_label
2189.png,dummy_label
219.png,dummy_label
2190.png,dummy_label
2191.png,dummy_label
2192.png,dummy_label
2193.png,dummy_label
2194.png,dummy_label
2195.png,dummy_label
2196.png,dummy_label
2197.png,dummy_label
2198.png,dummy_label
2199.png,dummy_label
22.png,dummy_label
220.png,dummy_label
2200.png,dummy_label
2201.png,dummy_label
2202.png,dummy_label
2203.png,dummy_label
2204.png,dummy_label
2205.png,dummy_label
2206.png,dummy_label
2207.png,dummy_label
2208.png,dummy_label
2209.png,dummy_label
221.png,dummy_label
2210.png,dummy_label
2211.png,dummy_label
2212.png,dummy_label
2213.png,dummy_label
2214.png,dummy_label
2215.png,dummy_label
2216.png,dummy_label
2217.png,dummy_label
2218.png,dummy_label
2219.png,dummy_label
222.png,dummy_label
2220.png,dummy_label
2221.png,dummy_label
2222.png,dummy_label
2223.png,dummy_label
2224.png,dummy_label
2225.png,dummy_label
2226.png,dummy_label
2227.png,dummy_label
2228.png,dummy_label
2229.png,dummy_label
223.png,dummy_label
2230.png,dummy_label
2231.png,dummy_label
2232.png,dummy_label
2233.png,dummy_label
2234.png,dummy_label
2235.png,dummy_label
2236.png,dummy_label
2237.png,dummy_label
2238.png,dummy_label
2239.png,dummy_label
224.png,dummy_label
2240.png,dummy_label
2241.png,dummy_label
2242.png,dummy_label
2243.png,dummy_label
2244.png,dummy_label
2245.png,dummy_label
2246.png,dummy_label
2247.png,dummy_label
2248.png,dummy_label
2249.png,dummy_label
225.png,dummy_label
2250.png,dummy_label
2251.png,dummy_label
2252.png,dummy_label
2253.png,dummy_label
2254.png,dummy_label
2255.png,dummy_label
2256.png,dummy_label
2257.png,dummy_label
2258.png,dummy_label
2259.png,dummy_label
226.png,dummy_label
2260.png,dummy_label
2261.png,dummy_label
2262.png,dummy_label
2263.png,dummy_label
2264.png,dummy_label
2265.png,dummy_label
2266.png,dummy_label
2267.png,dummy_label
2268.png,dummy_label
2269.png,dummy_label
227.png,dummy_label
2270.png,dummy_label
2271.png,dummy_label
2272.png,dummy_label
2273.png,dummy_label
2274.png,dummy_label
2275.png,dummy_label
2276.png,dummy_label
2277.png,dummy_label
2278.png,dummy_label
2279.png,dummy_label
228.png,dummy_label
2280.png,dummy_label
2281.png,dummy_label
2282.png,dummy_label
2283.png,dummy_label
2284.png,dummy_label
2285.png,dummy_label
2286.png,dummy_label
2287.png,dummy_label
2288.png,dummy_label
2289.png,dummy_label
229.png,dummy_label
2290.png,dummy_label
2291.png,dummy_label
2292.png,dummy_label
2293.png,dummy_label
2294.png,dummy_label
2295.png,dummy_label
2296.png,dummy_label
2297.png,dummy_label
2298.png,dummy_label
2299.png,dummy_label
23.png,dummy_label
230.png,dummy_label
2300.png,dummy_label
2301.png,dummy_label
2302.png,dummy_label
2303.png,dummy_label
2304.png,dummy_label
2305.png,dummy_label
2306.png,dummy_label
2307.png,dummy_label
2308.png,dummy_label
2309.png,dummy_label
231.png,dummy_label
2310.png,dummy_label
2311.png,dummy_label
2312.png,dummy_label
2313.png,dummy_label
2314.png,dummy_label
2315.png,dummy_label
2316.png,dummy_label
2317.png,dummy_label
2318.png,dummy_label
2319.png,dummy_label
232.png,dummy_label
2320.png,dummy_label
2321.png,dummy_label
2322.png,dummy_label
2323.png,dummy_label
2324.png,dummy_label
2325.png,dummy_label
2326.png,dummy_label
2327.png,dummy_label
2328.png,dummy_label
2329.png,dummy_label
233.png,dummy_label
2330.png,dummy_label
2331.png,dummy_label
2332.png,dummy_label
2333.png,dummy_label
2334.png,dummy_label
2335.png,dummy_label
2336.png,dummy_label
2337.png,dummy_label
2338.png,dummy_label
2339.png,dummy_label
234.png,dummy_label
2340.png,dummy_label
2341.png,dummy_label
2342.png,dummy_label
2343.png,dummy_label
2344.png,dummy_label
2345.png,dummy_label
2346.png,dummy_label
2347.png,dummy_label
2348.png,dummy_label
2349.png,dummy_label
235.png,dummy_label
2350.png,dummy_label
2351.png,dummy_label
2352.png,dummy_label
2353.png,dummy_label
2354.png,dummy_label
2355.png,dummy_label
2356.png,dummy_label
2357.png,dummy_label
2358.png,dummy_label
2359.png,dummy_label
236.png,dummy_label
2360.png,dummy_label
2361.png,dummy_label
2362.png,dummy_label
2363.png,dummy_label
2364.png,dummy_label
2365.png,dummy_label
2366.png,dummy_label
2367.png,dummy_label
2368.png,dummy_label
2369.png,dummy_label
237.png,dummy_label
2370.png,dummy_label
2371.png,dummy_label
2372.png,dummy_label
2373.png,dummy_label
2374.png,dummy_label
2375.png,dummy_label
2376.png,dummy_label
2377.png,dummy_label
2378.png,dummy_label
2379.png,dummy_label
238.png,dummy_label
2380.png,dummy_label
2381.png,dummy_label
2382.png,dummy_label
2383.png,dummy_label
2384.png,dummy_label
2385.png,dummy_label
2386.png,dummy_label
2387.png,dummy_label
2388.png,dummy_label
2389.png,dummy_label
239.png,dummy_label
2390.png,dummy_label
2391.png,dummy_label
2392.png,dummy_label
2393.png,dummy_label
2394.png,dummy_label
2395.png,dummy_label
2396.png,dummy_label
2397.png,dummy_label
2398.png,dummy_label
2399.png,dummy_label
24.png,dummy_label
240.png,dummy_label
2400.png,dummy_label
2401.png,dummy_label
2402.png,dummy_label
2403.png,dummy_label
2404.png,dummy_label
2405.png,dummy_label
2406.png,dummy_label
2407.png,dummy_label
2408.png,dummy_label
2409.png,dummy_label
241.png,dummy_label
2410.png,dummy_label
2411.png,dummy_label
2412.png,dummy_label
2413.png,dummy_label
2414.png,dummy_label
2415.png,dummy_label
2416.png,dummy_label
2417.png,dummy_label
2418.png,dummy_label
2419.png,dummy_label
242.png,dummy_label
2420.png,dummy_label
2421.png,dummy_label
2422.png,dummy_label
2423.png,dummy_label
2424.png,dummy_label
2425.png,dummy_label
2426.png,dummy_label
2427.png,dummy_label
2428.png,dummy_label
2429.png,dummy_label
243.png,dummy_label
2430.png,dummy_label
2431.png,dummy_label
2432.png,dummy_label
2433.png,dummy_label
2434.png,dummy_label
2435.png,dummy_label
2436.png,dummy_label
2437.png,dummy_label
2438.png,dummy_label
2439.png,dummy_label
244.png,dummy_label
2440.png,dummy_label
2441.png,dummy_label
2442.png,dummy_label
2443.png,dummy_label
2444.png,dummy_label
2445.png,dummy_label
2446.png,dummy_label
2447.png,dummy_label
2448.png,dummy_label
2449.png,dummy_label
245.png,dummy_label
2450.png,dummy_label
2451.png,dummy_label
2452.png,dummy_label
2453.png,dummy_label
2454.png,dummy_label
2455.png,dummy_label
2456.png,dummy_label
2457.png,dummy_label
2458.png,dummy_label
2459.png,dummy_label
246.png,dummy_label
2460.png,dummy_label
2461.png,dummy_label
2462.png,dummy_label
2463.png,dummy_label
2464.png,dummy_label
2465.png,dummy_label
2466.png,dummy_label
2467.png,dummy_label
2468.png,dummy_label
2469.png,dummy_label
247.png,dummy_label
2470.png,dummy_label
2471.png,dummy_label
2472.png,dummy_label
2473.png,dummy_label
2474.png,dummy_label
2475.png,dummy_label
2476.png,dummy_label
2477.png,dummy_label
2478.png,dummy_label
2479.png,dummy_label
248.png,dummy_label
2480.png,dummy_label
2481.png,dummy_label
2482.png,dummy_label
2483.png,dummy_label
2484.png,dummy_label
2485.png,dummy_label
2486.png,dummy_label
2487.png,dummy_label
2488.png,dummy_label
2489.png,dummy_label
249.png,dummy_label
2490.png,dummy_label
2491.png,dummy_label
2492.png,dummy_label
2493.png,dummy_label
2494.png,dummy_label
2495.png,dummy_label
2496.png,dummy_label
2497.png,dummy_label
2498.png,dummy_label
2499.png,dummy_label
25.png,dummy_label
250.png,dummy_label
2500.png,dummy_label
2501.png,dummy_label
2502.png,dummy_label
2503.png,dummy_label
2504.png,dummy_label
2505.png,dummy_label
2506.png,dummy_label
2507.png,dummy_label
2508.png,dummy_label
2509.png,dummy_label
251.png,dummy_label
2510.png,dummy_label
2511.png,dummy_label
2512.png,dummy_label
2513.png,dummy_label
2514.png,dummy_label
2515.png,dummy_label
2516.png,dummy_label
2517.png,dummy_label
2518.png,dummy_label
2519.png,dummy_label
252.png,dummy_label
2520.png,dummy_label
2521.png,dummy_label
2522.png,dummy_label
2523.png,dummy_label
2524.png,dummy_label
2525.png,dummy_label
2526.png,dummy_label
2527.png,dummy_label
2528.png,dummy_label
2529.png,dummy_label
253.png,dummy_label
2530.png,dummy_label
2531.png,dummy_label
2532.png,dummy_label
2533.png,dummy_label
2534.png,dummy_label
2535.png,dummy_label
2536.png,dummy_label
2537.png,dummy_label
2538.png,dummy_label
2539.png,dummy_label
254.png,dummy_label
2540.png,dummy_label
2541.png,dummy_label
2542.png,dummy_label
2543.png,dummy_label
2544.png,dummy_label
2545.png,dummy_label
2546.png,dummy_label
2547.png,dummy_label
2548.png,dummy_label
2549.png,dummy_label
255.png,dummy_label
2550.png,dummy_label
2551.png,dummy_label
2552.png,dummy_label
2553.png,dummy_label
2554.png,dummy_label
2555.png,dummy_label
2556.png,dummy_label
2557.png,dummy_label
2558.png,dummy_label
2559.png,dummy_label
256.png,dummy_label
2560.png,dummy_label
2561.png,dummy_label
2562.png,dummy_label
2563.png,dummy_label
2564.png,dummy_label
2565.png,dummy_label
2566.png,dummy_label
2567.png,dummy_label
2568.png,dummy_label
2569.png,dummy_label
257.png,dummy_label
2570.png,dummy_label
2571.png,dummy_label
2572.png,dummy_label
2573.png,dummy_label
2574.png,dummy_label
2575.png,dummy_label
2576.png,dummy_label
2577.png,dummy_label
2578.png,dummy_label
2579.png,dummy_label
258.png,dummy_label
2580.png,dummy_label
2581.png,dummy_label
2582.png,dummy_label
2583.png,dummy_label
2584.png,dummy_label
2585.png,dummy_label
2586.png,dummy_label
2587.png,dummy_label
2588.png,dummy_label
2589.png,dummy_label
259.png,dummy_label
2590.png,dummy_label
2591.png,dummy_label
2592.png,dummy_label
2593.png,dummy_label
2594.png,dummy_label
2595.png,dummy_label
2596.png,dummy_label
2597.png,dummy_label
2598.png,dummy_label
2599.png,dummy_label
26.png,dummy_label
260.png,dummy_label
2600.png,dummy_label
2601.png,dummy_label
2602.png,dummy_label
2603.png,dummy_label
2604.png,dummy_label
2605.png,dummy_label
2606.png,dummy_label
2607.png,dummy_label
2608.png,dummy_label
2609.png,dummy_label
261.png,dummy_label
2610.png,dummy_label
2611.png,dummy_label
2612.png,dummy_label
2613.png,dummy_label
2614.png,dummy_label
2615.png,dummy_label
2616.png,dummy_label
2617.png,dummy_label
2618.png,dummy_label
2619.png,dummy_label
262.png,dummy_label
2620.png,dummy_label
2621.png,dummy_label
2622.png,dummy_label
2623.png,dummy_label
2624.png,dummy_label
2625.png,dummy_label
2626.png,dummy_label
2627.png,dummy_label
2628.png,dummy_label
2629.png,dummy_label
263.png,dummy_label
2630.png,dummy_label
2631.png,dummy_label
2632.png,dummy_label
2633.png,dummy_label
2634.png,dummy_label
2635.png,dummy_label
2636.png,dummy_label
2637.png,dummy_label
2638.png,dummy_label
2639.png,dummy_label
264.png,dummy_label
2640.png,dummy_label
2641.png,dummy_label
2642.png,dummy_label
2643.png,dummy_label
2644.png,dummy_label
2645.png,dummy_label
2646.png,dummy_label
2647.png,dummy_label
2648.png,dummy_label
2649.png,dummy_label
265.png,dummy_label
2650.png,dummy_label
2651.png,dummy_label
2652.png,dummy_label
2653.png,dummy_label
2654.png,dummy_label
2655.png,dummy_label
2656.png,dummy_label
2657.png,dummy_label
2658.png,dummy_label
2659.png,dummy_label
266.png,dummy_label
2660.png,dummy_label
2661.png,dummy_label
2662.png,dummy_label
2663.png,dummy_label
2664.png,dummy_label
2665.png,dummy_label
2666.png,dummy_label
2667.png,dummy_label
2668.png,dummy_label
2669.png,dummy_label
267.png,dummy_label
2670.png,dummy_label
2671.png,dummy_label
2672.png,dummy_label
2673.png,dummy_label
2674.png,dummy_label
2675.png,dummy_label
2676.png,dummy_label
2677.png,dummy_label
2678.png,dummy_label
2679.png,dummy_label
268.png,dummy_label
2680.png,dummy_label
2681.png,dummy_label
2682.png,dummy_label
2683.png,dummy_label
2684.png,dummy_label
2685.png,dummy_label
2686.png,dummy_label
2687.png,dummy_label
2688.png,dummy_label
2689.png,dummy_label
269.png,dummy_label
2690.png,dummy_label
2691.png,dummy_label
2692.png,dummy_label
2693.png,dummy_label
2694.png,dummy_label
2695.png,dummy_label
2696.png,dummy_label
2697.png,dummy_label
2698.png,dummy_label
2699.png,dummy_label
27.png,dummy_label
270.png,dummy_label
2700.png,dummy_label
2701.png,dummy_label
2702.png,dummy_label
2703.png,dummy_label
2704.png,dummy_label
2705.png,dummy_label
2706.png,dummy_label
2707.png,dummy_label
2708.png,dummy_label
2709.png,dummy_label
271.png,dummy_label
2710.png,dummy_label
2711.png,dummy_label
2712.png,dummy_label
2713.png,dummy_label
2714.png,dummy_label
2715.png,dummy_label
2716.png,dummy_label
2717.png,dummy_label
2718.png,dummy_label
2719.png,dummy_label
272.png,dummy_label
2720.png,dummy_label
2721.png,dummy_label
2722.png,dummy_label
2723.png,dummy_label
2724.png,dummy_label
2725.png,dummy_label
2726.png,dummy_label
2727.png,dummy_label
2728.png,dummy_label
2729.png,dummy_label
273.png,dummy_label
2730.png,dummy_label
2731.png,dummy_label
2732.png,dummy_label
2733.png,dummy_label
2734.png,dummy_label
2735.png,dummy_label
2736.png,dummy_label
2737.png,dummy_label
2738.png,dummy_label
2739.png,dummy_label
274.png,dummy_label
2740.png,dummy_label
2741.png,dummy_label
2742.png,dummy_label
2743.png,dummy_label
2744.png,dummy_label
2745.png,dummy_label
2746.png,dummy_label
2747.png,dummy_label
2748.png,dummy_label
2749.png,dummy_label
275.png,dummy_label
2750.png,dummy_label
2751.png,dummy_label
2752.png,dummy_label
2753.png,dummy_label
2754.png,dummy_label
2755.png,dummy_label
2756.png,dummy_label
2757.png,dummy_label
2758.png,dummy_label
2759.png,dummy_label
276.png,dummy_label
2760.png,dummy_label
2761.png,dummy_label
2762.png,dummy_label
2763.png,dummy_label
2764.png,dummy_label
2765.png,dummy_label
2766.png,dummy_label
2767.png,dummy_label
2768.png,dummy_label
2769.png,dummy_label
277.png,dummy_label
2770.png,dummy_label
2771.png,dummy_label
2772.png,dummy_label
2773.png,dummy_label
2774.png,dummy_label
2775.png,dummy_label
2776.png,dummy_label
2777.png,dummy_label
2778.png,dummy_label
2779.png,dummy_label
278.png,dummy_label
2780.png,dummy_label
2781.png,dummy_label
2782.png,dummy_label
2783.png,dummy_label
2784.png,dummy_label
2785.png,dummy_label
2786.png,dummy_label
2787.png,dummy_label
2788.png,dummy_label
2789.png,dummy_label
279.png,dummy_label
2790.png,dummy_label
2791.png,dummy_label
2792.png,dummy_label
2793.png,dummy_label
2794.png,dummy_label
2795.png,dummy_label
2796.png,dummy_label
2797.png,dummy_label
2798.png,dummy_label
2799.png,dummy_label
28.png,dummy_label
280.png,dummy_label
2800.png,dummy_label
2801.png,dummy_label
2802.png,dummy_label
2803.png,dummy_label
2804.png,dummy_label
2805.png,dummy_label
2806.png,dummy_label
2807.png,dummy_label
2808.png,dummy_label
2809.png,dummy_label
281.png,dummy_label
2810.png,dummy_label
2811.png,dummy_label
2812.png,dummy_label
2813.png,dummy_label
2814.png,dummy_label
2815.png,dummy_label
2816.png,dummy_label
2817.png,dummy_label
2818.png,dummy_label
2819.png,dummy_label
282.png,dummy_label
2820.png,dummy_label
2821.png,dummy_label
2822.png,dummy_label
2823.png,dummy_label
2824.png,dummy_label
2825.png,dummy_label
2826.png,dummy_label
2827.png,dummy_label
2828.png,dummy_label
2829.png,dummy_label
283.png,dummy_label
2830.png,dummy_label
2831.png,dummy_label
2832.png,dummy_label
2833.png,dummy_label
2834.png,dummy_label
2835.png,dummy_label
2836.png,dummy_label
2837.png,dummy_label
2838.png,dummy_label
2839.png,dummy_label
284.png,dummy_label
2840.png,dummy_label
2841.png,dummy_label
2842.png,dummy_label
2843.png,dummy_label
2844.png,dummy_label
2845.png,dummy_label
2846.png,dummy_label
2847.png,dummy_label
2848.png,dummy_label
2849.png,dummy_label
285.png,dummy_label
2850.png,dummy_label
2851.png,dummy_label
2852.png,dummy_label
2853.png,dummy_label
2854.png,dummy_label
2855.png,dummy_label
2856.png,dummy_label
2857.png,dummy_label
2858.png,dummy_label
2859.png,dummy_label
286.png,dummy_label
2860.png,dummy_label
2861.png,dummy_label
2862.png,dummy_label
2863.png,dummy_label
2864.png,dummy_label
2865.png,dummy_label
2866.png,dummy_label
2867.png,dummy_label
2868.png,dummy_label
2869.png,dummy_label
287.png,dummy_label
2870.png,dummy_label
2871.png,dummy_label
2872.png,dummy_label
2873.png,dummy_label
2874.png,dummy_label
2875.png,dummy_label
2876.png,dummy_label
2877.png,dummy_label
2878.png,dummy_label
2879.png,dummy_label
288.png,dummy_label
2880.png,dummy_label
2881.png,dummy_label
2882.png,dummy_label
2883.png,dummy_label
2884.png,dummy_label
2885.png,dummy_label
2886.png,dummy_label
2887.png,dummy_label
2888.png,dummy_label
2889.png,dummy_label
289.png,dummy_label
2890.png,dummy_label
2891.png,dummy_label
2892.png,dummy_label
2893.png,dummy_label
2894.png,dummy_label
2895.png,dummy_label
2896.png,dummy_label
2897.png,dummy_label
2898.png,dummy_label
2899.png,dummy_label
29.png,dummy_label
290.png,dummy_label
2900.png,dummy_label
2901.png,dummy_label
2902.png,dummy_label
2903.png,dummy_label
2904.png,dummy_label
2905.png,dummy_label
2906.png,dummy_label
2907.png,dummy_label
2908.png,dummy_label
2909.png,dummy_label
291.png,dummy_label
2910.png,dummy_label
2911.png,dummy_label
2912.png,dummy_label
2913.png,dummy_label
2914.png,dummy_label
2915.png,dummy_label
2916.png,dummy_label
2917.png,dummy_label
2918.png,dummy_label
2919.png,dummy_label
292.png,dummy_label
2920.png,dummy_label
2921.png,dummy_label
2922.png,dummy_label
2923.png,dummy_label
2924.png,dummy_label
2925.png,dummy_label
2926.png,dummy_label
2927.png,dummy_label
2928.png,dummy_label
2929.png,dummy_label
293.png,dummy_label
2930.png,dummy_label
2931.png,dummy_label
2932.png,dummy_label
2933.png,dummy_label
2934.png,dummy_label
2935.png,dummy_label
2936.png,dummy_label
2937.png,dummy_label
2938.png,dummy_label
2939.png,dummy_label
294.png,dummy_label
2940.png,dummy_label
2941.png,dummy_label
2942.png,dummy_label
2943.png,dummy_label
2944.png,dummy_label
2945.png,dummy_label
2946.png,dummy_label
2947.png,dummy_label
2948.png,dummy_label
2949.png,dummy_label
295.png,dummy_label
2950.png,dummy_label
2951.png,dummy_label
2952.png,dummy_label
2953.png,dummy_label
2954.png,dummy_label
2955.png,dummy_label
2956.png,dummy_label
2957.png,dummy_label
2958.png,dummy_label
2959.png,dummy_label
296.png,dummy_label
2960.png,dummy_label
2961.png,dummy_label
2962.png,dummy_label
2963.png,dummy_label
2964.png,dummy_label
2965.png,dummy_label
2966.png,dummy_label
2967.png,dummy_label
2968.png,dummy_label
2969.png,dummy_label
297.png,dummy_label
2970.png,dummy_label
2971.png,dummy_label
2972.png,dummy_label
2973.png,dummy_label
2974.png,dummy_label
2975.png,dummy_label
2976.png,dummy_label
2977.png,dummy_label
2978.png,dummy_label
2979.png,dummy_label
298.png,dummy_label
2980.png,dummy_label
2981.png,dummy_label
2982.png,dummy_label
2983.png,dummy_label
2984.png,dummy_label
2985.png,dummy_label
2986.png,dummy_label
2987.png,dummy_label
2988.png,dummy_label
2989.png,dummy_label
299.png,dummy_label
2990.png,dummy_label
2991.png,dummy_label
2992.png,dummy_label
2993.png,dummy_label
2994.png,dummy_label
2995.png,dummy_label
2996.png,dummy_label
2997.png,dummy_label
2998.png,dummy_label
2999.png,dummy_label
3.png,dummy_label
30.png,dummy_label
300.png,dummy_label
3000.png,dummy_label
3001.png,dummy_label
3002.png,dummy_label
3003.png,dummy_label
3004.png,dummy_label
3005.png,dummy_label
3006.png,dummy_label
3007.png,dummy_label
3008.png,dummy_label
3009.png,dummy_label
301.png,dummy_label
3010.png,dummy_label
3011.png,dummy_label
3012.png,dummy_label
3013.png,dummy_label
3014.png,dummy_label
3015.png,dummy_label
3016.png,dummy_label
3017.png,dummy_label
3018.png,dummy_label
3019.png,dummy_label
302.png,dummy_label
3020.png,dummy_label
3021.png,dummy_label
3022.png,dummy_label
3023.png,dummy_label
3024.png,dummy_label
3025.png,dummy_label
3026.png,dummy_label
3027.png,dummy_label
3028.png,dummy_label
3029.png,dummy_label
303.png,dummy_label
3030.png,dummy_label
3031.png,dummy_label
3032.png,dummy_label
3033.png,dummy_label
3034.png,dummy_label
3035.png,dummy_label
3036.png,dummy_label
3037.png,dummy_label
3038.png,dummy_label
3039.png,dummy_label
304.png,dummy_label
3040.png,dummy_label
3041.png,dummy_label
3042.png,dummy_label
3043.png,dummy_label
3044.png,dummy_label
3045.png,dummy_label
3046.png,dummy_label
3047.png,dummy_label
3048.png,dummy_label
3049.png,dummy_label
305.png,dummy_label
3050.png,dummy_label
3051.png,dummy_label
3052.png,dummy_label
3053.png,dummy_label
3054.png,dummy_label
3055.png,dummy_label
3056.png,dummy_label
3057.png,dummy_label
3058.png,dummy_label
3059.png,dummy_label
306.png,dummy_label
3060.png,dummy_label
3061.png,dummy_label
3062.png,dummy_label
3063.png,dummy_label
3064.png,dummy_label
3065.png,dummy_label
3066.png,dummy_label
3067.png,dummy_label
3068.png,dummy_label
3069.png,dummy_label
307.png,dummy_label
3070.png,dummy_label
3071.png,dummy_label
3072.png,dummy_label
3073.png,dummy_label
3074.png,dummy_label
3075.png,dummy_label
3076.png,dummy_label
3077.png,dummy_label
3078.png,dummy_label
3079.png,dummy_label
308.png,dummy_label
3080.png,dummy_label
3081.png,dummy_label
3082.png,dummy_label
3083.png,dummy_label
3084.png,dummy_label
3085.png,dummy_label
3086.png,dummy_label
3087.png,dummy_label
3088.png,dummy_label
3089.png,dummy_label
309.png,dummy_label
3090.png,dummy_label
3091.png,dummy_label
3092.png,dummy_label
3093.png,dummy_label
3094.png,dummy_label
3095.png,dummy_label
3096.png,dummy_label
3097.png,dummy_label
3098.png,dummy_label
3099.png,dummy_label
31.png,dummy_label
310.png,dummy_label
3100.png,dummy_label
3101.png,dummy_label
3102.png,dummy_label
3103.png,dummy_label
3104.png,dummy_label
3105.png,dummy_label
3106.png,dummy_label
3107.png,dummy_label
3108.png,dummy_label
3109.png,dummy_label
311.png,dummy_label
3110.png,dummy_label
3111.png,dummy_label
3112.png,dummy_label
3113.png,dummy_label
3114.png,dummy_label
3115.png,dummy_label
3116.png,dummy_label
3117.png,dummy_label
3118.png,dummy_label
3119.png,dummy_label
312.png,dummy_label
313.png,dummy_label
314.png,dummy_label
315.png,dummy_label
316.png,dummy_label
317.png,dummy_label
318.png,dummy_label
319.png,dummy_label
32.png,dummy_label
320.png,dummy_label
321.png,dummy_label
322.png,dummy_label
323.png,dummy_label
324.png,dummy_label
325.png,dummy_label
326.png,dummy_label
327.png,dummy_label
328.png,dummy_label
329.png,dummy_label
33.png,dummy_label
330.png,dummy_label
331.png,dummy_label
332.png,dummy_label
333.png,dummy_label
334.png,dummy_label
335.png,dummy_label
336.png,dummy_label
337.png,dummy_label
338.png,dummy_label
339.png,dummy_label
34.png,dummy_label
340.png,dummy_label
341.png,dummy_label
342.png,dummy_label
343.png,dummy_label
344.png,dummy_label
345.png,dummy_label
346.png,dummy_label
347.png,dummy_label
348.png,dummy_label
349.png,dummy_label
35.png,dummy_label
350.png,dummy_label
351.png,dummy_label
352.png,dummy_label
353.png,dummy_label
354.png,dummy_label
355.png,dummy_label
356.png,dummy_label
357.png,dummy_label
358.png,dummy_label
359.png,dummy_label
36.png,dummy_label
360.png,dummy_label
361.png,dummy_label
362.png,dummy_label
363.png,dummy_label
364.png,dummy_label
365.png,dummy_label
366.png,dummy_label
367.png,dummy_label
368.png,dummy_label
369.png,dummy_label
37.png,dummy_label
370.png,dummy_label
371.png,dummy_label
372.png,dummy_label
373.png,dummy_label
374.png,dummy_label
375.png,dummy_label
376.png,dummy_label
377.png,dummy_label
378.png,dummy_label
379.png,dummy_label
38.png,dummy_label
380.png,dummy_label
381.png,dummy_label
382.png,dummy_label
383.png,dummy_label
384.png,dummy_label
385.png,dummy_label
386.png,dummy_label
387.png,dummy_label
388.png,dummy_label
389.png,dummy_label
39.png,dummy_label
390.png,dummy_label
391.png,dummy_label
392.png,dummy_label
393.png,dummy_label
394.png,dummy_label
395.png,dummy_label
396.png,dummy_label
397.png,dummy_label
398.png,dummy_label
399.png,dummy_label
4.png,dummy_label
40.png,dummy_label
400.png,dummy_label
401.png,dummy_label
402.png,dummy_label
403.png,dummy_label
404.png,dummy_label
405.png,dummy_label
406.png,dummy_label
407.png,dummy_label
408.png,dummy_label
409.png,dummy_label
41.png,dummy_label
410.png,dummy_label
411.png,dummy_label
412.png,dummy_label
413.png,dummy_label
414.png,dummy_label
415.png,dummy_label
416.png,dummy_label
417.png,dummy_label
418.png,dummy_label
419.png,dummy_label
42.png,dummy_label
420.png,dummy_label
421.png,dummy_label
422.png,dummy_label
423.png,dummy_label
424.png,dummy_label
425.png,dummy_label
426.png,dummy_label
427.png,dummy_label
428.png,dummy_label
429.png,dummy_label
43.png,dummy_label
430.png,dummy_label
431.png,dummy_label
432.png,dummy_label
433.png,dummy_label
434.png,dummy_label
435.png,dummy_label
436.png,dummy_label
437.png,dummy_label
438.png,dummy_label
439.png,dummy_label
44.png,dummy_label
440.png,dummy_label
441.png,dummy_label
442.png,dummy_label
443.png,dummy_label
444.png,dummy_label
445.png,dummy_label
446.png,dummy_label
447.png,dummy_label
448.png,dummy_label
449.png,dummy_label
45.png,dummy_label
450.png,dummy_label
451.png,dummy_label
452.png,dummy_label
453.png,dummy_label
454.png,dummy_label
455.png,dummy_label
456.png,dummy_label
457.png,dummy_label
458.png,dummy_label
459.png,dummy_label
46.png,dummy_label
460.png,dummy_label
461.png,dummy_label
462.png,dummy_label
463.png,dummy_label
464.png,dummy_label
465.png,dummy_label
466.png,dummy_label
467.png,dummy_label
468.png,dummy_label
469.png,dummy_label
47.png,dummy_label
470.png,dummy_label
471.png,dummy_label
472.png,dummy_label
473.png,dummy_label
474.png,dummy_label
475.png,dummy_label
476.png,dummy_label
477.png,dummy_label
478.png,dummy_label
479.png,dummy_label
48.png,dummy_label
480.png,dummy_label
481.png,dummy_label
482.png,dummy_label
483.png,dummy_label
484.png,dummy_label
485.png,dummy_label
486.png,dummy_label
487.png,dummy_label
488.png,dummy_label
489.png,dummy_label
49.png,dummy_label
490.png,dummy_label
491.png,dummy_label
492.png,dummy_label
493.png,dummy_label
494.png,dummy_label
495.png,dummy_label
496.png,dummy_label
497.png,dummy_label
498.png,dummy_label
499.png,dummy_label
5.png,dummy_label
50.png,dummy_label
500.png,dummy_label
501.png,dummy_label
502.png,dummy_label
503.png,dummy_label
504.png,dummy_label
505.png,dummy_label
506.png,dummy_label
507.png,dummy_label
508.png,dummy_label
509.png,dummy_label
51.png,dummy_label
510.png,dummy_label
511.png,dummy_label
512.png,dummy_label
513.png,dummy_label
514.png,dummy_label
515.png,dummy_label
516.png,dummy_label
517.png,dummy_label
518.png,dummy_label
519.png,dummy_label
52.png,dummy_label
520.png,dummy_label
521.png,dummy_label
522.png,dummy_label
523.png,dummy_label
524.png,dummy_label
525.png,dummy_label
526.png,dummy_label
527.png,dummy_label
528.png,dummy_label
529.png,dummy_label
53.png,dummy_label
530.png,dummy_label
531.png,dummy_label
532.png,dummy_label
533.png,dummy_label
534.png,dummy_label
535.png,dummy_label
536.png,dummy_label
537.png,dummy_label
538.png,dummy_label
539.png,dummy_label
54.png,dummy_label
540.png,dummy_label
541.png,dummy_label
542.png,dummy_label
543.png,dummy_label
544.png,dummy_label
545.png,dummy_label
546.png,dummy_label
547.png,dummy_label
548.png,dummy_label
549.png,dummy_label
55.png,dummy_label
550.png,dummy_label
551.png,dummy_label
552.png,dummy_label
553.png,dummy_label
554.png,dummy_label
555.png,dummy_label
556.png,dummy_label
557.png,dummy_label
558.png,dummy_label
559.png,dummy_label
56.png,dummy_label
560.png,dummy_label
561.png,dummy_label
562.png,dummy_label
563.png,dummy_label
564.png,dummy_label
565.png,dummy_label
566.png,dummy_label
567.png,dummy_label
568.png,dummy_label
569.png,dummy_label
57.png,dummy_label
570.png,dummy_label
571.png,dummy_label
572.png,dummy_label
573.png,dummy_label
574.png,dummy_label
575.png,dummy_label
576.png,dummy_label
577.png,dummy_label
578.png,dummy_label
579.png,dummy_label
58.png,dummy_label
580.png,dummy_label
581.png,dummy_label
582.png,dummy_label
583.png,dummy_label
584.png,dummy_label
585.png,dummy_label
586.png,dummy_label
587.png,dummy_label
588.png,dummy_label
589.png,dummy_label
59.png,dummy_label
590.png,dummy_label
591.png,dummy_label
592.png,dummy_label
593.png,dummy_label
594.png,dummy_label
595.png,dummy_label
596.png,dummy_label
597.png,dummy_label
598.png,dummy_label
599.png,dummy_label
6.png,dummy_label
60.png,dummy_label
600.png,dummy_label
601.png,dummy_label
602.png,dummy_label
603.png,dummy_label
604.png,dummy_label
605.png,dummy_label
606.png,dummy_label
607.png,dummy_label
608.png,dummy_label
609.png,dummy_label
61.png,dummy_label
610.png,dummy_label
611.png,dummy_label
612.png,dummy_label
613.png,dummy_label
614.png,dummy_label
615.png,dummy_label
616.png,dummy_label
617.png,dummy_label
618.png,dummy_label
619.png,dummy_label
62.png,dummy_label
620.png,dummy_label
621.png,dummy_label
622.png,dummy_label
623.png,dummy_label
624.png,dummy_label
625.png,dummy_label
626.png,dummy_label
627.png,dummy_label
628.png,dummy_label
629.png,dummy_label
63.png,dummy_label
630.png,dummy_label
631.png,dummy_label
632.png,dummy_label
633.png,dummy_label
634.png,dummy_label
635.png,dummy_label
636.png,dummy_label
637.png,dummy_label
638.png,dummy_label
639.png,dummy_label
64.png,dummy_label
640.png,dummy_label
641.png,dummy_label
642.png,dummy_label
643.png,dummy_label
644.png,dummy_label
645.png,dummy_label
646.png,dummy_label
647.png,dummy_label
648.png,dummy_label
649.png,dummy_label
65.png,dummy_label
650.png,dummy_label
651.png,dummy_label
652.png,dummy_label
653.png,dummy_label
654.png,dummy_label
655.png,dummy_label
656.png,dummy_label
657.png,dummy_label
658.png,dummy_label
659.png,dummy_label
66.png,dummy_label
660.png,dummy_label
661.png,dummy_label
662.png,dummy_label
663.png,dummy_label
664.png,dummy_label
665.png,dummy_label
666.png,dummy_label
667.png,dummy_label
668.png,dummy_label
669.png,dummy_label
67.png,dummy_label
670.png,dummy_label
671.png,dummy_label
672.png,dummy_label
673.png,dummy_label
674.png,dummy_label
675.png,dummy_label
676.png,dummy_label
677.png,dummy_label
678.png,dummy_label
679.png,dummy_label
68.png,dummy_label
680.png,dummy_label
681.png,dummy_label
682.png,dummy_label
683.png,dummy_label
684.png,dummy_label
685.png,dummy_label
686.png,dummy_label
687.png,dummy_label
688.png,dummy_label
689.png,dummy_label
69.png,dummy_label
690.png,dummy_label
691.png,dummy_label
692.png,dummy_label
693.png,dummy_label
694.png,dummy_label
695.png,dummy_label
696.png,dummy_label
697.png,dummy_label
698.png,dummy_label
699.png,dummy_label
7.png,dummy_label
70.png,dummy_label
700.png,dummy_label
701.png,dummy_label
702.png,dummy_label
703.png,dummy_label
704.png,dummy_label
705.png,dummy_label
706.png,dummy_label
707.png,dummy_label
708.png,dummy_label
709.png,dummy_label
71.png,dummy_label
710.png,dummy_label
711.png,dummy_label
712.png,dummy_label
713.png,dummy_label
714.png,dummy_label
715.png,dummy_label
716.png,dummy_label
717.png,dummy_label
718.png,dummy_label
719.png,dummy_label
72.png,dummy_label
720.png,dummy_label
721.png,dummy_label
722.png,dummy_label
723.png,dummy_label
724.png,dummy_label
725.png,dummy_label
726.png,dummy_label
727.png,dummy_label
728.png,dummy_label
729.png,dummy_label
73.png,dummy_label
730.png,dummy_label
731.png,dummy_label
732.png,dummy_label
733.png,dummy_label
734.png,dummy_label
735.png,dummy_label
736.png,dummy_label
737.png,dummy_label
738.png,dummy_label
739.png,dummy_label
74.png,dummy_label
740.png,dummy_label
741.png,dummy_label
742.png,dummy_label
743.png,dummy_label
744.png,dummy_label
745.png,dummy_label
746.png,dummy_label
747.png,dummy_label
748.png,dummy_label
749.png,dummy_label
75.png,dummy_label
750.png,dummy_label
751.png,dummy_label
752.png,dummy_label
753.png,dummy_label
754.png,dummy_label
755.png,dummy_label
756.png,dummy_label
757.png,dummy_label
758.png,dummy_label
759.png,dummy_label
76.png,dummy_label
760.png,dummy_label
761.png,dummy_label
762.png,dummy_label
763.png,dummy_label
764.png,dummy_label
765.png,dummy_label
766.png,dummy_label
767.png,dummy_label
768.png,dummy_label
769.png,dummy_label
77.png,dummy_label
770.png,dummy_label
771.png,dummy_label
772.png,dummy_label
773.png,dummy_label
774.png,dummy_label
775.png,dummy_label
776.png,dummy_label
777.png,dummy_label
778.png,dummy_label
779.png,dummy_label
78.png,dummy_label
780.png,dummy_label
781.png,dummy_label
782.png,dummy_label
783.png,dummy_label
784.png,dummy_label
785.png,dummy_label
786.png,dummy_label
787.png,dummy_label
788.png,dummy_label
789.png,dummy_label
79.png,dummy_label
790.png,dummy_label
791.png,dummy_label
792.png,dummy_label
793.png,dummy_label
794.png,dummy_label
795.png,dummy_label
796.png,dummy_label
797.png,dummy_label
798.png,dummy_label
799.png,dummy_label
8.png,dummy_label
80.png,dummy_label
800.png,dummy_label
801.png,dummy_label
802.png,dummy_label
803.png,dummy_label
804.png,dummy_label
805.png,dummy_label
806.png,dummy_label
807.png,dummy_label
808.png,dummy_label
809.png,dummy_label
81.png,dummy_label
810.png,dummy_label
811.png,dummy_label
812.png,dummy_label
813.png,dummy_label
814.png,dummy_label
815.png,dummy_label
816.png,dummy_label
817.png,dummy_label
818.png,dummy_label
819.png,dummy_label
82.png,dummy_label
820.png,dummy_label
821.png,dummy_label
822.png,dummy_label
823.png,dummy_label
824.png,dummy_label
825.png,dummy_label
826.png,dummy_label
827.png,dummy_label
828.png,dummy_label
829.png,dummy_label
83.png,dummy_label
830.png,dummy_label
831.png,dummy_label
832.png,dummy_label
833.png,dummy_label
834.png,dummy_label
835.png,dummy_label
836.png,dummy_label
837.png,dummy_label
838.png,dummy_label
839.png,dummy_label
84.png,dummy_label
840.png,dummy_label
841.png,dummy_label
842.png,dummy_label
843.png,dummy_label
844.png,dummy_label
845.png,dummy_label
846.png,dummy_label
847.png,dummy_label
848.png,dummy_label
849.png,dummy_label
85.png,dummy_label
850.png,dummy_label
851.png,dummy_label
852.png,dummy_label
853.png,dummy_label
854.png,dummy_label
855.png,dummy_label
856.png,dummy_label
857.png,dummy_label
858.png,dummy_label
859.png,dummy_label
86.png,dummy_label
860.png,dummy_label
861.png,dummy_label
862.png,dummy_label
863.png,dummy_label
864.png,dummy_label
865.png,dummy_label
866.png,dummy_label
867.png,dummy_label
868.png,dummy_label
869.png,dummy_label
87.png,dummy_label
870.png,dummy_label
871.png,dummy_label
872.png,dummy_label
873.png,dummy_label
874.png,dummy_label
875.png,dummy_label
876.png,dummy_label
877.png,dummy_label
878.png,dummy_label
879.png,dummy_label
88.png,dummy_label
880.png,dummy_label
881.png,dummy_label
882.png,dummy_label
883.png,dummy_label
884.png,dummy_label
885.png,dummy_label
886.png,dummy_label
887.png,dummy_label
888.png,dummy_label
889.png,dummy_label
89.png,dummy_label
890.png,dummy_label
891.png,dummy_label
892.png,dummy_label
893.png,dummy_label
894.png,dummy_label
895.png,dummy_label
896.png,dummy_label
897.png,dummy_label
898.png,dummy_label
899.png,dummy_label
9.png,dummy_label
90.png,dummy_label
900.png,dummy_label
901.png,dummy_label
902.png,dummy_label
903.png,dummy_label
904.png,dummy_label
905.png,dummy_label
906.png,dummy_label
907.png,dummy_label
908.png,dummy_label
909.png,dummy_label
91.png,dummy_label
910.png,dummy_label
911.png,dummy_label
912.png,dummy_label
913.png,dummy_label
914.png,dummy_label
915.png,dummy_label
916.png,dummy_label
917.png,dummy_label
918.png,dummy_label
919.png,dummy_label
92.png,dummy_label
920.png,dummy_label
921.png,dummy_label
922.png,dummy_label
923.png,dummy_label
924.png,dummy_label
925.png,dummy_label
926.png,dummy_label
927.png,dummy_label
928.png,dummy_label
929.png,dummy_label
93.png,dummy_label
930.png,dummy_label
931.png,dummy_label
932.png,dummy_label
933.png,dummy_label
934.png,dummy_label
935.png,dummy_label
936.png,dummy_label
937.png,dummy_label
938.png,dummy_label
939.png,dummy_label
94.png,dummy_label
940.png,dummy_label
941.png,dummy_label
942.png,dummy_label
943.png,dummy_label
944.png,dummy_label
945.png,dummy_label
946.png,dummy_label
947.png,dummy_label
948.png,dummy_label
949.png,dummy_label
95.png,dummy_label
950.png,dummy_label
951.png,dummy_label
952.png,dummy_label
953.png,dummy_label
954.png,dummy_label
955.png,dummy_label
956.png,dummy_label
957.png,dummy_label
958.png,dummy_label
959.png,dummy_label
96.png,dummy_label
960.png,dummy_label
961.png,dummy_label
962.png,dummy_label
963.png,dummy_label
964.png,dummy_label
965.png,dummy_label
966.png,dummy_label
967.png,dummy_label
968.png,dummy_label
969.png,dummy_label
97.png,dummy_label
970.png,dummy_label
971.png,dummy_label
972.png,dummy_label
973.png,dummy_label
974.png,dummy_label
975.png,dummy_label
976.png,dummy_label
977.png,dummy_label
978.png,dummy_label
979.png,dummy_label
98.png,dummy_label
980.png,dummy_label
981.png,dummy_label
982.png,dummy_label
983.png,dummy_label
984.png,dummy_label
985.png,dummy_label
986.png,dummy_label
987.png,dummy_label
988.png,dummy_label
989.png,dummy_label
99.png,dummy_label
990.png,dummy_label
991.png,dummy_label
992.png,dummy_label
993.png,dummy_label
994.png,dummy_label
995.png,dummy_label
996.png,dummy_label
997.png,dummy_label
998.png,dummy_label
999.png,dummy_label
training_labels.csv,dummy_label
